supplier_ID;name
1;Xuan
2;Sabria
3;Kelyn
4;Lynnsey
5;Samanth
6;Marguerite
7;Makala
8;Santanna
9;Dathan
10;Kayti
11;Tyrone
12;Kisa
13;Jaymes
14;Montral
15;Sigrid
16;Abner
17;Valencia
18;Sera
19;Cullen
20;Jackalyn
21;Quinisha
22;Quinlan
23;Tamsen
24;Carissa
25;Dalal
26;Jaxon
27;Tashika
28;Norwood
29;Chimera
30;Schneider
31;Annamarie
32;Damali
33;Lizzete
34;Anjoli
35;Pooja
36;Lissa
37;Delois
38;Letecia
39;Amelinda
40;Jaja
41;Tawnee
42;Elyce
43;Shaquetta
44;Keleigh
45;Kierstin
46;Samaria
47;Noelle
48;Eriberto
49;Sherrita
50;Scottie
51;Sherene
52;Elvera
53;Eliezer
54;Anneli
55;Colleen
56;Dyanna
57;Tamillia
58;Grizel
59;Suzzanne
60;Carena
61;Valerie
62;Tora
63;Sedrick
64;Brynn
65;Shimeka
66;Ruchi
67;Erum
68;Jacquline
69;Rasheida
70;Ryann
71;Kary
72;Jan
73;Flossie
74;Kendria
75;Romeka
76;Opal
77;Gisel
78;Raguel
79;Joclyn
80;Florence
81;Geoffry
82;Rasha
83;Shuntavia
84;Eleanore
85;Temisha
86;Tyrik
87;Semone
88;Dominquie
89;Romina
90;Chequita
91;Josuha
92;Alicea
93;Rahmell
94;Laquonda
95;Cassi
96;Erich
97;Fong
98;Meesha
99;Kaeo
100;Jheri
